Type,Part Number,Brand,Model,Rank,Benchmark,Samples,URL
RAM,F4-2400C14Q2-128GRK,G.SKILL,Ripjaws 4 DDR4 2400 C14 8x16GB,1,124,39,https://ram.userbenchmark.com/GSKILL-Ripjaws-4-DDR4-2400-C14-8x16GB/Rating/3567
RAM,F4-3200C14Q-64GTZ,G.SKILL,Trident Z DDR4 3200 C14 4x16GB,2,113,672,https://ram.userbenchmark.com/GSKILL-Trident-Z-DDR4-3200-C14-4x16GB/Rating/3612
RAM,BLS4K8G4D240FSA,Crucial,Ballistix Sport DDR4 2400 C16 8x4GB,3,110,79,https://ram.userbenchmark.com/SpeedTest/93395/Crucial-BLS4G4D240FSAM8FAD-8x4GB
RAM,F4-3200C14Q-32GFX,G.SKILL,Flare X DDR4 3200 C14 4x8GB,4,109,3043,https://ram.userbenchmark.com/SpeedTest/270794/GSKILL-F4-3200C14-8GFX-4x8GB
RAM,CMD64GX4M4B3000C15,Corsair,Dominator DDR4 3000 C15 4x16GB,5,106,72,https://ram.userbenchmark.com/Corsair-Dominator-DDR4-3000-C15-4x16GB/Rating/3565
RAM,F4-3200C15Q-64GTZ,G.SKILL,Trident Z DDR4 3200 C15 4x16GB,6,105,134,https://ram.userbenchmark.com/GSKILL-Trident-Z-DDR4-3200-C15-4x16GB/Rating/3613
RAM,CMK32GX4M4A2666C15,Corsair,Vengeance LPX DDR4 2666 C15 4x8GB,7,100,532,https://ram.userbenchmark.com/SpeedTest/89347/Corsair-Vengeance-LPX-CMK32GX4M4A2666C15-4x8GB
RAM,BLS4K4G4D240FSA,Crucial,Ballistix Sport DDR4 2400 C16 4x4GB,8,98.7,1400,https://ram.userbenchmark.com/Crucial-Ballistix-Sport-DDR4-2400-C16-4x4GB/Rating/3561
RAM,F4-3200C14D-16GFX,G.SKILL,Flare X DDR4 3200 C14 2x8GB,9,98.2,26533,https://ram.userbenchmark.com/SpeedTest/255366/GSKILL-F4-3200C14-8GFX-2x8GB
RAM,F4-3600C17D-16GTZ,G.SKILL,Trident Z DDR4 3600 C17 2x8GB,10,95.8,970,https://ram.userbenchmark.com/GSKILL-Trident-Z-DDR4-3600-C17-2x8GB/Rating/3563
RAM,F4-3600C16D-16GTZ,G.SKILL,Trident Z DDR4 3600 C16 2x8GB,11,95.6,2336,https://ram.userbenchmark.com/GSKILL-Trident-Z-DDR4-3600-C16-2x8GB/Rating/3562
RAM,F4-3200C16Q-64GVK,G.SKILL,Ripjaws V DDR4 3200 C16 4x16GB,12,95.4,3155,https://ram.userbenchmark.com/GSKILL-Ripjaws-V-DDR4-3200-C16-4x16GB/Rating/3564
RAM,F4-3000C15Q-16GRR,G.SKILL,Ripjaws 4 DDR4 3000 C15 4x4GB,13,94.4,2185,https://ram.userbenchmark.com/GSKILL-Ripjaws-4-DDR4-3000-C15-4x4GB/Rating/3540
RAM,F4-3000C15Q-16GRB,G.SKILL,Ripjaws 4 DDR4 3000 C15 4x4GB,13,94.4,2185,https://ram.userbenchmark.com/GSKILL-Ripjaws-4-DDR4-3000-C15-4x4GB/Rating/3540
RAM,F4-3000C15Q-16GRK,G.SKILL,Ripjaws 4 DDR4 3000 C15 4x4GB,13,94.4,2185,https://ram.userbenchmark.com/GSKILL-Ripjaws-4-DDR4-3000-C15-4x4GB/Rating/3540
RAM,F4-2800C16Q-16GRR,G.SKILL,Ripjaws 4 DDR4 2800 C16 4x4GB,14,94,947,https://ram.userbenchmark.com/GSKILL-Ripjaws-4-DDR4-2800-C16-4x4GB/Rating/3608
RAM,F4-2800C16Q-16GRB,G.SKILL,Ripjaws 4 DDR4 2800 C16 4x4GB,14,94,947,https://ram.userbenchmark.com/GSKILL-Ripjaws-4-DDR4-2800-C16-4x4GB/Rating/3608
RAM,F4-2800C16Q-16GRK,G.SKILL,Ripjaws 4 DDR4 2800 C16 4x4GB,14,94,947,https://ram.userbenchmark.com/GSKILL-Ripjaws-4-DDR4-2800-C16-4x4GB/Rating/3608
RAM,HX426C15FBK4/32,HyperX,Fury DDR4 2666 C15 4x8GB,15,93.5,4063,https://ram.userbenchmark.com/HyperX-Fury-DDR4-2666-C15-4x8GB/Rating/3570
RAM,CMR16GX4M2C3466C16,Corsair,Vengeance RGB DDR4 3466 C16 2x8GB,16,92.5,3267,https://ram.userbenchmark.com/SpeedTest/287318/Corsair-CMR16GX4M2C3466C16-2x8GB
RAM,CMK16GX4M4A2800C16,Corsair,Vengeance LPX DDR4 2800 C16 4x4GB,17,92.1,2157,https://ram.userbenchmark.com/Corsair-Vengeance-LPX-DDR4-2800-C16-4x4GB/Rating/3541
RAM,CMK16GX4M4A2800C16B,Corsair,Vengeance LPX DDR4 2800 C16 4x4GB,17,92.1,2157,https://ram.userbenchmark.com/Corsair-Vengeance-LPX-DDR4-2800-C16-4x4GB/Rating/3541
RAM,CMK16GX4M4A2800C16R,Corsair,Vengeance LPX DDR4 2800 C16 4x4GB,17,92.1,2157,https://ram.userbenchmark.com/Corsair-Vengeance-LPX-DDR4-2800-C16-4x4GB/Rating/3541
RAM,CMR16GX4M2C3600C18,Corsair,Vengeance RGB DDR4 3600 C18 2x8GB,18,91.9,2918,https://ram.userbenchmark.com/SpeedTest/315553/Corsair-CMR16GX4M2C3600C18-2x8GB
RAM,CMK16GX4M4B3000C15,Corsair,Vengeance LPX DDR4 3000 C15 4x4GB,19,91.8,4340,https://ram.userbenchmark.com/Corsair-Vengeance-LPX-DDR4-3000-C15-4x4GB/Rating/3558
RAM,CMK16GX4M4B3000C15B,Corsair,Vengeance LPX DDR4 3000 C15 4x4GB,19,91.8,4340,https://ram.userbenchmark.com/Corsair-Vengeance-LPX-DDR4-3000-C15-4x4GB/Rating/3558
RAM,CMK16GX4M4B3000C15R,Corsair,Vengeance LPX DDR4 3000 C15 4x4GB,19,91.8,4340,https://ram.userbenchmark.com/Corsair-Vengeance-LPX-DDR4-3000-C15-4x4GB/Rating/3558
RAM,F4-3600C17D-8GTZ,G.SKILL,Trident Z DDR4 3600 C17 2x4GB,20,91.6,123,https://ram.userbenchmark.com/GSKILL-Trident-Z-DDR4-3600-C17-2x4GB/Rating/3566
RAM,CMK32GX4M4A2400C14,Corsair,Vengeance LPX DDR4 2400 C14 4x8GB,21,90.3,2412,https://ram.userbenchmark.com/Corsair-Vengeance-LPX-DDR4-2400-C14-4x8GB/Rating/3542
RAM,CMK32GX4M4A2400C14B,Corsair,Vengeance LPX DDR4 2400 C14 4x8GB,21,90.3,2412,https://ram.userbenchmark.com/Corsair-Vengeance-LPX-DDR4-2400-C14-4x8GB/Rating/3542
RAM,CMK32GX4M4A2400C14R,Corsair,Vengeance LPX DDR4 2400 C14 4x8GB,21,90.3,2412,https://ram.userbenchmark.com/Corsair-Vengeance-LPX-DDR4-2400-C14-4x8GB/Rating/3542
RAM,CMK32GX4M4A2666C16,Corsair,Vengeance LPX DDR4 2666 C16 4x8GB,22,88.4,4776,https://ram.userbenchmark.com/Corsair-Vengeance-LPX-DDR4-2666-C16-4x8GB/Rating/3586
RAM,CMK32GX4M4A2666C16B,Corsair,Vengeance LPX DDR4 2666 C16 4x8GB,22,88.4,4776,https://ram.userbenchmark.com/Corsair-Vengeance-LPX-DDR4-2666-C16-4x8GB/Rating/3586
RAM,CMK32GX4M4A2666C16R,Corsair,Vengeance LPX DDR4 2666 C16 4x8GB,22,88.4,4776,https://ram.userbenchmark.com/Corsair-Vengeance-LPX-DDR4-2666-C16-4x8GB/Rating/3586
RAM,CMK16GX4M4A2400C14,Corsair,Vengeance LPX DDR4 2400 C14 4x4GB,23,88.3,2311,https://ram.userbenchmark.com/Corsair-Vengeance-LPX-DDR4-2400-C14-4x4GB/Rating/3533
RAM,CMK16GX4M4A2400C14B,Corsair,Vengeance LPX DDR4 2400 C14 4x4GB,23,88.3,2311,https://ram.userbenchmark.com/Corsair-Vengeance-LPX-DDR4-2400-C14-4x4GB/Rating/3533
RAM,CMK16GX4M4A2400C14R,Corsair,Vengeance LPX DDR4 2400 C14 4x4GB,23,88.3,2311,https://ram.userbenchmark.com/Corsair-Vengeance-LPX-DDR4-2400-C14-4x4GB/Rating/3533
RAM,CMR16GX4M2C3200C16,Corsair,Vengeance RGB DDR4 3200 C16 2x8GB,24,88.2,9291,https://ram.userbenchmark.com/SpeedTest/298180/Corsair-CMR16GX4M2C3200C16-2x8GB
RAM,F4-3200C16D-16GTZB,G.SKILL,Trident Z DDR4 3200 C16 2x8GB,25,87.7,18601,https://ram.userbenchmark.com/GSKILL-Trident-Z-DDR4-3200-C16-2x8GB/Rating/3550
RAM,CMW32GX4M2C3200C16,Corsair,Vengeance RGB PRO DDR4 3200 C16 2x16GB,26,87.5,11208,https://ram.userbenchmark.com/SpeedTest/587593/Corsair-CMW32GX4M2C3200C16-2x16GB
RAM,CMK16GX4M4A2666C16,Corsair,Vengeance LPX DDR4 2666 C16 4x4GB,27,87.3,4114,https://ram.userbenchmark.com/Corsair-Vengeance-LPX-DDR4-2666-C16-4x4GB/Rating/3557
RAM,CMK16GX4M4A2666C16B,Corsair,Vengeance LPX DDR4 2666 C16 4x4GB,27,87.3,4114,https://ram.userbenchmark.com/Corsair-Vengeance-LPX-DDR4-2666-C16-4x4GB/Rating/3557
RAM,CMK16GX4M4A2666C16R,Corsair,Vengeance LPX DDR4 2666 C16 4x4GB,27,87.3,4114,https://ram.userbenchmark.com/Corsair-Vengeance-LPX-DDR4-2666-C16-4x4GB/Rating/3557
RAM,F4-3200C16D-16GVKB,G.SKILL,Ripjaws V DDR4 3200 C16 2x8GB,28,86.9,93515,https://ram.userbenchmark.com/SpeedTest/89324/GSKILL-F4-3200C16-8GVKB-2x8GB
RAM,CMK32GX4M2B3200C16,Corsair,Vengeance LPX DDR4 3200 C16 2x16GB,29,86.9,23576,https://ram.userbenchmark.com/SpeedTest/97244/Corsair-Vengeance-LPX-CMK32GX4M2B3200C16-2x16GB
RAM,CMK16GX4M2B3200C16,Corsair,Vengeance LPX DDR4 3200 C16 2x8GB,30,86.8,155897,https://ram.userbenchmark.com/Corsair-Vengeance-LPX-DDR4-3200-C16-2x8GB/Rating/3547
RAM,CMK16GX4M2B3200C16R,Corsair,Vengeance LPX DDR4 3200 C16 2x8GB,30,86.8,155897,https://ram.userbenchmark.com/Corsair-Vengeance-LPX-DDR4-3200-C16-2x8GB/Rating/3547
RAM,F4-3200C16D-16GTZR,G.SKILL,Trident Z RGB DDR4 3200 C16 2x8GB,31,86.6,111536,https://ram.userbenchmark.com/SpeedTest/231020/GSKILL-F4-3200C16-8GTZR-2x8GB
RAM,CMR32GX4M2C3000C15,Corsair,Vengeance RGB DDR4 3000 C15 2x16GB,32,86.3,567,https://ram.userbenchmark.com/SpeedTest/335632/Corsair-CMR32GX4M2C3000C15-2x16GB
RAM,CMK32GX4M4A2400C16,Corsair,Vengeance LPX DDR4 2400 C16 4x8GB,33,86.3,824,https://ram.userbenchmark.com/SpeedTest/108268/Corsair-Vengeance-LPX-CMK32GX4M4A2400C16-4x8GB
RAM,CMU16GX4M2C3200C16,Corsair,Vengeance LED DDR4 3200 C16 2x8GB,34,85.8,24194,https://ram.userbenchmark.com/SpeedTest/155727/Corsair-CMU16GX4M2C3200C16-2x8GB
RAM,CMU16GX4M2C3200C16B,Corsair,Vengeance LED DDR4 3200 C16 2x8GB,34,85.8,24194,https://ram.userbenchmark.com/SpeedTest/155727/Corsair-CMU16GX4M2C3200C16-2x8GB
RAM,CMU16GX4M2C3200C16R,Corsair,Vengeance LED DDR4 3200 C16 2x8GB,34,85.8,24194,https://ram.userbenchmark.com/SpeedTest/155727/Corsair-CMU16GX4M2C3200C16-2x8GB
RAM,HX426C15FBK2/8,HyperX,Fury DDR4 2666 C15 2x4GB,35,85.8,19035,https://ram.userbenchmark.com/HyperX-Fury-DDR4-2666-C15-2x4GB/Rating/3556
RAM,HX424C15FBK4/16,HyperX,Fury DDR4 2400 C15 4x4GB,36,84.6,6564,https://ram.userbenchmark.com/HyperX-Fury-DDR4-2400-C15-4x4GB/Rating/3585
RAM,F4-3000C15D-16GTZB,G.SKILL,Trident Z DDR4 3000 C15 2x8GB,37,84.5,3502,https://ram.userbenchmark.com/GSKILL-Trident-Z-DDR4-3000-C15-2x8GB/Rating/3548
RAM,CMK8GX4M2B3000C15,Corsair,Vengeance LPX DDR4 3000 C15 2x4GB,38,84.1,17719,https://ram.userbenchmark.com/SpeedTest/90523/Corsair-Vengeance-LPX-CMK8GX4M2B3000C15-2x4GB
RAM,HX426C15FBK2/16,HyperX,Fury DDR4 2666 C15 2x8GB,39,84.1,22541,https://ram.userbenchmark.com/HyperX-Fury-DDR4-2666-C15-2x8GB/Rating/3553
RAM,CMK32GX4M2B3000C15,Corsair,Vengeance LPX DDR4 3000 C15 2x16GB,40,83.8,14121,https://ram.userbenchmark.com/SpeedTest/92054/Corsair-Vengeance-LPX-CMK32GX4M2B3000C15-2x16GB
RAM,CMZ64GX3M8A1600C9,Corsair,Vengeance DDR3 1600 C9 8x8GB,41,83.4,59,https://ram.userbenchmark.com/SpeedTest/100478/Corsair-Vengeance-CMZ64GX3M8A1600C9-8x8GB
RAM,CMR16GX4M2D3000C16,Corsair,Vengeance RGB DDR4 3000 C16 2x8GB,42,83.4,4392,https://ram.userbenchmark.com/SpeedTest/465040/Corsair-CMR16GX4M2D3000C16-2x8GB
RAM,HX426C13PB3K2/16,HyperX,Predator 2666 C13 2x8GB,43,83.4,2078,https://ram.userbenchmark.com/SpeedTest/318273/Kingston-KHX2666C138GX-2x8GB
RAM,CMR16GX4M2C3000C15,Corsair,Vengeance RGB DDR4 3000 C15 2x8GB,44,83.4,22867,https://ram.userbenchmark.com/SpeedTest/258851/Corsair-CMR16GX4M2C3000C15-2x8GB
RAM,CMU16GX4M2C3000C15,Corsair,Vengeance LED DDR4 3000 C15 2x8GB,45,83.2,28775,https://ram.userbenchmark.com/SpeedTest/156965/Corsair-CMU16GX4M2C3000C15-2x8GB
RAM,CMU16GX4M2C3000C15B,Corsair,Vengeance LED DDR4 3000 C15 2x8GB,45,83.2,28775,https://ram.userbenchmark.com/SpeedTest/156965/Corsair-CMU16GX4M2C3000C15-2x8GB
RAM,CMU16GX4M2C3000C15R,Corsair,Vengeance LED DDR4 3000 C15 2x8GB,45,83.2,28775,https://ram.userbenchmark.com/SpeedTest/156965/Corsair-CMU16GX4M2C3000C15-2x8GB
RAM,CMK16GX4M2B3000C15,Corsair,Vengeance LPX DDR4 3000 C15 2x8GB,46,82.9,301939,https://ram.userbenchmark.com/Corsair-Vengeance-LPX-DDR4-3000-C15-2x8GB/Rating/3546
RAM,CMK16GX4M2B3000C15B,Corsair,Vengeance LPX DDR4 3000 C15 2x8GB,46,82.9,301939,https://ram.userbenchmark.com/Corsair-Vengeance-LPX-DDR4-3000-C15-2x8GB/Rating/3546
RAM,CMK16GX4M2B3000C15R,Corsair,Vengeance LPX DDR4 3000 C15 2x8GB,46,82.9,301939,https://ram.userbenchmark.com/Corsair-Vengeance-LPX-DDR4-3000-C15-2x8GB/Rating/3546
RAM,CMK16GX4M2B3000C15W,Corsair,Vengeance LPX DDR4 3000 C15 2x8GB,46,82.9,301939,https://ram.userbenchmark.com/Corsair-Vengeance-LPX-DDR4-3000-C15-2x8GB/Rating/3546
RAM,F4-3000C16D-16GTZR,G.SKILL,Trident Z RGB DDR4 3000 C16 2x8GB,47,82.6,43282,https://ram.userbenchmark.com/SpeedTest/236585/GSKILL-F4-3000C16-8GTZR-2x8GB
RAM,CMW16GX4M2C3000C15,Corsair,Vengeance RGB PRO DDR4 3200 C15 2x8GB,48,82.5,29753,https://ram.userbenchmark.com/SpeedTest/523893/Corsair-CMW16GX4M2C3000C15-2x8GB
RAM,CMD16GX4M2B3000C15,Corsair,Dominator DDR4 3000 C15 2x8GB,49,82.5,8261,https://ram.userbenchmark.com/Corsair-Dominator-DDR4-3000-C15-2x8GB/Rating/3597
RAM,HX426C16FB2K2/16,HyperX,Fury 2666 C16 2x8GB,50,82.4,34136,https://ram.userbenchmark.com/SpeedTest/272118/Kingston-KHX2666C168G-2x8GB
RAM,HX426C16FW2K2/16,HyperX,Fury 2666 C16 2x8GB,50,82.4,34136,https://ram.userbenchmark.com/SpeedTest/272118/Kingston-KHX2666C168G-2x8GB
RAM,HX426C16FR2K2/16,HyperX,Fury 2666 C16 2x8GB,50,82.4,34136,https://ram.userbenchmark.com/SpeedTest/272118/Kingston-KHX2666C168G-2x8GB
RAM,CMK16GX4M4A2400C16,Corsair,Vengeance LPX DDR4 2400 C16 4x4GB,51,81.7,278,https://ram.userbenchmark.com/SpeedTest/89553/Corsair-Vengeance-LPX-CMK16GX4M4A2400C16-4x4GB
RAM,CMK16GX4M2C3000C16,Corsair,Vengeance LPX DDR4 3000 C16 2x8GB,52,81.7,3101,https://ram.userbenchmark.com/SpeedTest/337520/Corsair-Vengeance-LPX-CMK16GX4M2C3000C16-2x8GB
RAM,CMK16GX4M2C3000C16B,Corsair,Vengeance LPX DDR4 3000 C16 2x8GB,52,81.7,3101,https://ram.userbenchmark.com/SpeedTest/337520/Corsair-Vengeance-LPX-CMK16GX4M2C3000C16-2x8GB
RAM,CMK16GX4M2C3000C16R,Corsair,Vengeance LPX DDR4 3000 C16 2x8GB,52,81.7,3101,https://ram.userbenchmark.com/SpeedTest/337520/Corsair-Vengeance-LPX-CMK16GX4M2C3000C16-2x8GB
RAM,CMK16GX4M2C3000C16W,Corsair,Vengeance LPX DDR4 3000 C16 2x8GB,52,81.7,3101,https://ram.userbenchmark.com/SpeedTest/337520/Corsair-Vengeance-LPX-CMK16GX4M2C3000C16-2x8GB
RAM,HX421C14FBK4/32,HyperX,Fury DDR4 2133 C14 4x8GB,53,80.7,2982,https://ram.userbenchmark.com/HyperX-Fury-DDR4-2133-C14-4x8GB/Rating/3569
RAM,BLS4K8G4D240FSB,Crucial,Ballistix Sport LT DDR4 2400 C16 4x8GB,54,80.1,421,https://ram.userbenchmark.com/Crucial-Ballistix-Sport-LT-DDR4-2400-C16-4x8GB/Rating/3637
RAM,BLS4K8G4D240FSC,Crucial,Ballistix Sport LT DDR4 2400 C16 4x8GB,54,80.1,421,https://ram.userbenchmark.com/Crucial-Ballistix-Sport-LT-DDR4-2400-C16-4x8GB/Rating/3637
RAM,BLS4K8G4D240FSE,Crucial,Ballistix Sport LT DDR4 2400 C16 4x8GB,54,80.1,421,https://ram.userbenchmark.com/Crucial-Ballistix-Sport-LT-DDR4-2400-C16-4x8GB/Rating/3637
RAM,HX424C15FBK2/16,HyperX,Fury DDR4 2400 C15 2x8GB,55,78.8,12817,https://ram.userbenchmark.com/HyperX-Fury-DDR4-2400-C15-2x8GB/Rating/3587
RAM,CMK8GX4M2A2666C16,Corsair,Vengeance LPX DDR4 2666 C16 2x4GB,56,78.5,10347,https://ram.userbenchmark.com/SpeedTest/90467/Corsair-Vengeance-LPX-CMK8GX4M2A2666C16-2x4GB
RAM,F4-2400C15Q-32GVR,G.SKILL,Ripjaws V DDR4 2400 C15 4x8GB,57,78.3,3391,https://ram.userbenchmark.com/GSKILL-Ripjaws-V-DDR4-2400-C15-4x8GB/Rating/3568
RAM,CMK16GX4M2A2666C16,Corsair,Vengeance LPX DDR4 2666 C16 2x8GB,58,77.9,57161,https://ram.userbenchmark.com/Corsair-Vengeance-LPX-DDR4-2666-C16-2x8GB/Rating/3545
RAM,CMK16GX4M2A2666C16R,Corsair,Vengeance LPX DDR4 2666 C16 2x8GB,58,77.9,57161,https://ram.userbenchmark.com/Corsair-Vengeance-LPX-DDR4-2666-C16-2x8GB/Rating/3545
RAM,BLS2K8G4D240FSA,Crucial,Ballistix Sport DDR4 2400 C16 2x8GB,59,77.9,2406,https://ram.userbenchmark.com/Crucial-Ballistix-Sport-DDR4-2400-C16-2x8GB/Rating/3611
RAM,CMR16GX4M2A2666C16,Corsair,Vengeance RGB DDR4 2666 C16 2x8GB,60,77.8,5146,https://ram.userbenchmark.com/SpeedTest/282283/Corsair-CMR16GX4M2A2666C16-2x8GB
RAM,CMK32GX4M2A2400C16,Corsair,Vengeance LPX DDR4 2400 C16 2x16GB,61,77.4,2717,https://ram.userbenchmark.com/SpeedTest/131225/Corsair-Vengeance-LPX-CMK32GX4M2A2400C16-2x16GB
RAM,BLS2K8G4D240FSB,Crucial,Ballistix Sport LT DDR4 2400 C16 2x8GB,62,77.4,4253,https://ram.userbenchmark.com/Crucial-Ballistix-Sport-LT-DDR4-2400-C16-2x8GB/Rating/3638
RAM,BLS2K8G4D240FSC,Crucial,Ballistix Sport LT DDR4 2400 C16 2x8GB,62,77.4,4253,https://ram.userbenchmark.com/Crucial-Ballistix-Sport-LT-DDR4-2400-C16-2x8GB/Rating/3638
RAM,BLS2K8G4D240FSE,Crucial,Ballistix Sport LT DDR4 2400 C16 2x8GB,62,77.4,4253,https://ram.userbenchmark.com/Crucial-Ballistix-Sport-LT-DDR4-2400-C16-2x8GB/Rating/3638
RAM,CMK8GX4M2A2400C16,Corsair,Vengeance LPX DDR4 2400 C16 2x4GB,63,77.1,6723,https://ram.userbenchmark.com/SpeedTest/105361/Corsair-Vengeance-LPX-CMK8GX4M2A2400C16-2x4GB
RAM,CMK16GX4M2A2400C16,Corsair,Vengeance LPX DDR4 2400 C16 2x8GB,64,77,50633,https://ram.userbenchmark.com/SpeedTest/92730/Corsair-Vengeance-LPX-CMK16GX4M2A2400C16-2x8GB
RAM,CMU16GX4M2A2400C16,Corsair,Vengeance LED DDR4 2400 C16 2x8GB,65,75.2,1686,https://ram.userbenchmark.com/SpeedTest/293029/Corsair-CMU16GX4M2A2400C16-2x8GB
RAM,CMU16GX4M2A2400C16B,Corsair,Vengeance LED DDR4 2400 C16 2x8GB,65,75.2,1686,https://ram.userbenchmark.com/SpeedTest/293029/Corsair-CMU16GX4M2A2400C16-2x8GB
RAM,CMU16GX4M2A2400C16R,Corsair,Vengeance LED DDR4 2400 C16 2x8GB,65,75.2,1686,https://ram.userbenchmark.com/SpeedTest/293029/Corsair-CMU16GX4M2A2400C16-2x8GB
RAM,CMU16GX4M2A2666C16,Corsair,Vengeance LED DDR4 2666 C16 2x8GB,66,74.9,8383,https://ram.userbenchmark.com/SpeedTest/152975/Corsair-CMU16GX4M2A2666C16-2x8GB
RAM,CMU16GX4M2A2666C16B,Corsair,Vengeance LED DDR4 2666 C16 2x8GB,66,74.9,8383,https://ram.userbenchmark.com/SpeedTest/152975/Corsair-CMU16GX4M2A2666C16-2x8GB
RAM,CMU16GX4M2A2666C16R,Corsair,Vengeance LED DDR4 2666 C16 2x8GB,66,74.9,8383,https://ram.userbenchmark.com/SpeedTest/152975/Corsair-CMU16GX4M2A2666C16-2x8GB
RAM,F4-2400C15D-8GVR,G.SKILL,Ripjaws V DDR4 2400 C15 2x4GB,67,74,12833,https://ram.userbenchmark.com/GSKILL-Ripjaws-V-DDR4-2400-C15-2x4GB/Rating/3559
RAM,CMK8GX4M2A2400C14,Corsair,Vengeance LPX DDR4 2400 C14 2x4GB,68,73.2,9669,https://ram.userbenchmark.com/SpeedTest/89740/Corsair-Vengeance-LPX-CMK8GX4M2A2400C14-2x4GB
RAM,CMK16GX4M2A2400C14,Corsair,Vengeance LPX DDR4 2400 C14 2x8GB,69,73.1,39182,https://ram.userbenchmark.com/Corsair-Vengeance-LPX-DDR4-2400-C14-2x8GB/Rating/3544
RAM,CMK16GX4M2A2400C14R,Corsair,Vengeance LPX DDR4 2400 C14 2x8GB,69,73.1,39182,https://ram.userbenchmark.com/Corsair-Vengeance-LPX-DDR4-2400-C14-2x8GB/Rating/3544
RAM,F4-2400C15D-16GVR,G.SKILL,Ripjaws V DDR4 2400 C15 2x8GB,70,72.9,55153,https://ram.userbenchmark.com/GSKILL-Ripjaws-V-DDR4-2400-C15-2x8GB/Rating/3549
RAM,F4-2400C15D-16GVB,G.SKILL,Ripjaws V DDR4 2400 C15 2x8GB,70,72.9,55153,https://ram.userbenchmark.com/GSKILL-Ripjaws-V-DDR4-2400-C15-2x8GB/Rating/3549
RAM,F4-2400C15D-16GVK,G.SKILL,Ripjaws V DDR4 2400 C15 2x8GB,70,72.9,55153,https://ram.userbenchmark.com/GSKILL-Ripjaws-V-DDR4-2400-C15-2x8GB/Rating/3549
RAM,F4-2400C15D-16GVS,G.SKILL,Ripjaws V DDR4 2400 C15 2x8GB,70,72.9,55153,https://ram.userbenchmark.com/GSKILL-Ripjaws-V-DDR4-2400-C15-2x8GB/Rating/3549
RAM,F4-2400C15D-16GVG,G.SKILL,Ripjaws V DDR4 2400 C15 2x8GB,70,72.9,55153,https://ram.userbenchmark.com/GSKILL-Ripjaws-V-DDR4-2400-C15-2x8GB/Rating/3549
RAM,F3-2400C10Q-32GTX,G.SKILL,TridentX DDR3 2400 C10 4x8GB,71,72.4,3926,https://ram.userbenchmark.com/SpeedTest/89345/GSKILL-F3-2400C10-8GTX-4x8GB
RAM,HX421C14FBK2/16,HyperX,Fury DDR4 2133 C14 2x8GB,72,72,34073,https://ram.userbenchmark.com/HyperX-Fury-DDR4-2133-C14-2x8GB/Rating/3552
RAM,HX421C14FB2K2/16,HyperX,Fury DDR4 2133 C14 2x8GB,72,72,34073,https://ram.userbenchmark.com/HyperX-Fury-DDR4-2133-C14-2x8GB/Rating/3552
RAM,F4-2133C15D-32GVR,G.SKILL,Ripjaws V DDR4 2133 C15 2x16GB,73,71.5,1338,https://ram.userbenchmark.com/GSKILL-Ripjaws-V-DDR4-2133-C15-2x16GB/Rating/3633
RAM,F4-2400C15D-16GRR,G.SKILL,Ripjaws 4 DDR4 2400 C15 2x8GB,74,70.5,3819,https://ram.userbenchmark.com/GSKILL-Ripjaws-4-DDR4-2400-C15-2x8GB/Rating/3551
RAM,HX421C14FBK2/8,HyperX,Fury DDR4 2133 C14 2x4GB,75,70,34165,https://ram.userbenchmark.com/HyperX-Fury-DDR4-2133-C14-2x4GB/Rating/3554
RAM,CMK16GX4M2A2133C13,Corsair,Vengeance LPX DDR4 2133 C13 2x8GB,76,69.2,29009,https://ram.userbenchmark.com/Corsair-Vengeance-LPX-DDR4-2133-C13-2x8GB/Rating/3543
RAM,CMK16GX4M2A2133C13R,Corsair,Vengeance LPX DDR4 2133 C13 2x8GB,76,69.2,29009,https://ram.userbenchmark.com/Corsair-Vengeance-LPX-DDR4-2133-C13-2x8GB/Rating/3543
RAM,F4-2133C15D-8GVR,G.SKILL,Ripjaws V DDR4 2133 C15 2x4GB,77,68.6,5770,https://ram.userbenchmark.com/GSKILL-Ripjaws-V-DDR4-2133-C15-2x4GB/Rating/3560
RAM,F4-2133C15D-16GVB,G.SKILL,Ripjaws V DDR4 2133 C15 2x8GB,78,68.2,9639,https://ram.userbenchmark.com/GSKILL-Ripjaws-V-DDR4-2133-C15-2x8GB/Rating/3632
RAM,BLS2K4G4D240FSA,Crucial,Ballistix Sport DDR4 2400 C16 2x4GB,79,68,633,https://ram.userbenchmark.com/Crucial-Ballistix-Sport-DDR4-2400-C16-2x4GB/Rating/3601
RAM,F3-2400C10D-16GTX,G.SKILL,TridentX DDR3 2400 C10 2x8GB,80,67.5,13132,https://ram.userbenchmark.com/SpeedTest/89322/GSKILL-F3-2400C10-8GTX-2x8GB
RAM,HX324C11SRK2/16,HyperX,Savage DDR3 2400 C11 2x8GB,81,65.5,13844,https://ram.userbenchmark.com/SpeedTest/43621/Kingston-KHX2400C11D38GX-2x8GB
RAM,CMY16GX3M2A2400C11,Corsair,Vengeance Pro DDR3 2400 C11 2x8GB,82,60.6,25049,https://ram.userbenchmark.com/SpeedTest/89568/Corsair-Vengeance-Pro-CMY16GX3M2A2400C11-2x8GB
RAM,HX318C10FK2/16,HyperX,Fury DDR3 1866 C10 2x8GB,83,57.8,53134,https://ram.userbenchmark.com/SpeedTest/42962/Kingston-KHX1866C10D38G-2x8GB
RAM,HX318C10FBK2/16,HyperX,Fury DDR3 1866 C10 2x8GB,83,57.8,53134,https://ram.userbenchmark.com/SpeedTest/42962/Kingston-KHX1866C10D38G-2x8GB
RAM,HX318C10FRK2/16,HyperX,Fury DDR3 1866 C10 2x8GB,83,57.8,53134,https://ram.userbenchmark.com/SpeedTest/42962/Kingston-KHX1866C10D38G-2x8GB
RAM,HX318C10FWK2/16,HyperX,Fury DDR3 1866 C10 2x8GB,83,57.8,53134,https://ram.userbenchmark.com/SpeedTest/42962/Kingston-KHX1866C10D38G-2x8GB
RAM,BLS2KIT4G3D1609DS1S00,Crucial,Ballistix Sport DDR3 1600 C9 2x4GB,84,56.7,32786,https://ram.userbenchmark.com/SpeedTest/50785/Crucial-BLS4G3D1609DS1S00-2x4GB
RAM,BLS2CP4G3D1609DS1S00CEU,Crucial,Ballistix Sport DDR3 1600 C9 2x4GB,84,56.7,32786,https://ram.userbenchmark.com/SpeedTest/50785/Crucial-BLS4G3D1609DS1S00-2x4GB
RAM,HX316C10FK2/16,HyperX,Fury DDR3 1600 C10 2x8GB,85,56,42042,https://ram.userbenchmark.com/SpeedTest/42910/Kingston-KHX1600C10D38G-2x8GB
RAM,HX316C10FBK2/16,HyperX,Fury DDR3 1600 C10 2x8GB,85,56,42042,https://ram.userbenchmark.com/SpeedTest/42910/Kingston-KHX1600C10D38G-2x8GB
RAM,HX316C10FRK2/16,HyperX,Fury DDR3 1600 C10 2x8GB,85,56,42042,https://ram.userbenchmark.com/SpeedTest/42910/Kingston-KHX1600C10D38G-2x8GB
RAM,HX316C10FWK2/16,HyperX,Fury DDR3 1600 C10 2x8GB,85,56,42042,https://ram.userbenchmark.com/SpeedTest/42910/Kingston-KHX1600C10D38G-2x8GB
RAM,F3-12800CL9D-8GBXL,G.SKILL,RipjawsX DDR3 1600 C9 2x4GB,86,53,30900,https://ram.userbenchmark.com/SpeedTest/89321/GSKILL-F3-12800CL9-4GBXL-2x4GB
RAM,F3-14900CL10D-16GBXL,G.SKILL,RipjawsX DDR3 1866 C10 2x8GB,87,53,5195,https://ram.userbenchmark.com/SpeedTest/89210/GSKILL-F3-14900CL10-8GBXL-2x8GB
RAM,F3-12800CL10Q-32GBXL,G.SKILL,RipjawsX DDR3 1600 C10 4x8GB,88,51.9,2142,https://ram.userbenchmark.com/SpeedTest/90320/GSKILL-F3-12800CL10-8GBXL-4x8GB
RAM,HX316C9SRK2/8,HyperX,Savage DDR3 1600 C9 2x4GB,89,51.4,53414,https://ram.userbenchmark.com/SpeedTest/43139/Kingston-KHX1600C9D34GX-2x4GB
RAM,HX316C10FK2/8,HyperX,Fury DDR3 1600 C10 2x4GB,90,51.1,15688,https://ram.userbenchmark.com/SpeedTest/42917/Kingston-KHX1600C10D38G-2x4GB
RAM,HX316C10FBK2/8,HyperX,Fury DDR3 1600 C10 2x4GB,90,51.1,15688,https://ram.userbenchmark.com/SpeedTest/42917/Kingston-KHX1600C10D38G-2x4GB
RAM,HX316C10FRK2/8,HyperX,Fury DDR3 1600 C10 2x4GB,90,51.1,15688,https://ram.userbenchmark.com/SpeedTest/42917/Kingston-KHX1600C10D38G-2x4GB
RAM,HX316C10FWK2/8,HyperX,Fury DDR3 1600 C10 2x4GB,90,51.1,15688,https://ram.userbenchmark.com/SpeedTest/42917/Kingston-KHX1600C10D38G-2x4GB
RAM,CMX8GX3M2A1600C9,Corsair,XMS3 DDR3 1600 C9 2x4GB,91,50.3,6932,https://ram.userbenchmark.com/SpeedTest/89663/Corsair-XMS3-CMX8GX3M2A1600C9-2x4GB
RAM,F3-12800CL10D-16GBXL,G.SKILL,RipjawsX DDR3 1600 C10 2x8GB,92,49.8,15542,https://ram.userbenchmark.com/SpeedTest/89329/GSKILL-F3-12800CL10-8GBXL-2x8GB
RAM,HX318C10FK2/8,HyperX,Fury DDR3 1866 C10 2x4GB,93,49.8,27711,https://ram.userbenchmark.com/HyperX-Fury-DDR3-1866-C10-2x4GB/Rating/3588
RAM,HX318C10FBK2/8,HyperX,Fury DDR3 1866 C10 2x4GB,93,49.8,27711,https://ram.userbenchmark.com/HyperX-Fury-DDR3-1866-C10-2x4GB/Rating/3588
RAM,HX318C10FRK2/8,HyperX,Fury DDR3 1866 C10 2x4GB,93,49.8,27711,https://ram.userbenchmark.com/HyperX-Fury-DDR3-1866-C10-2x4GB/Rating/3588
RAM,HX318C10FWK2/8,HyperX,Fury DDR3 1866 C10 2x4GB,93,49.8,27711,https://ram.userbenchmark.com/HyperX-Fury-DDR3-1866-C10-2x4GB/Rating/3588
RAM,CMZ8GX3M2A1600C9,Corsair,Vengeance DDR3 1600 C9 2x4GB,94,49.2,49584,https://ram.userbenchmark.com/SpeedTest/89203/Corsair-Vengeance-CMZ8GX3M2A1600C9-2x4GB
RAM,BLS8G4D26BFSB,Crucial,Ballistix Sport LT DDR4 2666 C16 1x8GB,95,47.4,1078,https://ram.userbenchmark.com/SpeedTest/321149/Crucial-BLS8G4D26BFSC16FBD2-1x8GB
RAM,BLS8G4D26BFSC,Crucial,Ballistix Sport LT DDR4 2666 C16 1x8GB,95,47.4,1078,https://ram.userbenchmark.com/SpeedTest/321149/Crucial-BLS8G4D26BFSC16FBD2-1x8GB
RAM,BLS8G4D26BFSE,Crucial,Ballistix Sport LT DDR4 2666 C16 1x8GB,95,47.4,1078,https://ram.userbenchmark.com/SpeedTest/321149/Crucial-BLS8G4D26BFSC16FBD2-1x8GB
RAM,BLS8G4D240FSB,Crucial,Ballistix Sport LT DDR4 2400 C16 1x8GB,96,43.1,13205,https://ram.userbenchmark.com/SpeedTest/142440/Crucial-BLS8G4D240FSB16FBD-1x8GB
RAM,CMK8GX4M1A2400C16,Corsair,Vengeance LPX DDR4 2400 C16 1x8GB,97,42.3,27779,https://ram.userbenchmark.com/Corsair-Vengeance-LPX-DDR4-2400-C16-1x8GB/Rating/3610
RAM,CMK8GX4M1A2400C16R,Corsair,Vengeance LPX DDR4 2400 C16 1x8GB,97,42.3,27779,https://ram.userbenchmark.com/Corsair-Vengeance-LPX-DDR4-2400-C16-1x8GB/Rating/3610
RAM,CT16G4DFD824A,Crucial,UDIMM DDR4 2400 C16 1x16GB,98,41.8,1263,https://ram.userbenchmark.com/SpeedTest/228105/Crucial-CT16G4DFD824AC16FAD-1x16GB
RAM,CT8G4DFD824A,Crucial,UDIMM DDR4 2400 C16 1x8GB,99,41.8,2811,https://ram.userbenchmark.com/SpeedTest/358525/Crucial-CT8G4DFD824AC16FHP-1x8GB
RAM,HX421C14FB/8,HyperX,Fury DDR4 2133 C14 1x8GB,100,40.1,11654,https://ram.userbenchmark.com/HyperX-Fury-DDR4-2133-C14-1x8GB/Rating/3555
RAM,CT4G4DFS824A,Crucial,UDIMM DDR4 2400 C17 1x4GB,101,39.6,2983,https://ram.userbenchmark.com/SpeedTest/372497/Crucial-CT4G4DFS824AC8FHP-1x4GB
RAM,CMK8GX4M1A2400C14,Corsair,Vengeance LPX DDR4 2400 C14 1x8GB,102,39.3,13029,https://ram.userbenchmark.com/SpeedTest/89446/Corsair-Vengeance-LPX-CMK8GX4M1A2400C14-1x8GB
RAM,CMK4GX4M1A2400C14,Corsair,Vengeance LPX DDR4 2400 C14 1x4GB,103,39.3,590,https://ram.userbenchmark.com/SpeedTest/97522/Corsair-Vengeance-LPX-CMK4GX4M1A2400C14-1x4GB
RAM,CMV4GX4M1A2133C15,Corsair,ValueSelect DDR4 2133 C15 1x4GB,104,37.7,825,https://ram.userbenchmark.com/SpeedTest/96727/Corsair-ValueSelect-CMV4GX4M1A2133C15-1x4GB
RAM,F4-2133C15S-4GNT,G.SKILL,Value DDR4 2133 C15 1x4GB,105,37.7,370,https://ram.userbenchmark.com/SpeedTest/109263/GSKILL-F4-2133C15-4GNT-1x4GB
RAM,CMZ8GX3M1A1600C10,Corsair,Vengeance DDR3 1600 C10 1x8GB,106,31.2,7560,https://ram.userbenchmark.com/SpeedTest/89201/Corsair-Vengeance-CMZ8GX3M1A1600C10-1x8GB
RAM,F3-12800CL9S-4GBRL,G.SKILL,Ripjaws DDR3 1600 C9 1x4GB,107,29.1,562,https://ram.userbenchmark.com/SpeedTest/90810/GSKILL-F3-12800CL9-4GBRL-1x4GB
RAM,F3-12800CL10S-8GBXL,G.SKILL,RipjawsX DDR3 1600 C10 1x8GB,108,27.9,3013,https://ram.userbenchmark.com/SpeedTest/89412/GSKILL-F3-12800CL10-8GBXL-1x8GB
